File Name,Sample name,Protein,Peptide Sequence,Best Retention Time,Total Ion Current Area,Total Area Fragment,Normalized Area,Noise integration,Total Ion Current Area,Normaliztion factor,Total Area Fragment,Normalized Area,,Median all the samples
2022MC004_HABE_001_01_2ug.raw,renal-76_Rep_A,GFP,FSVSGEGEGDATYGK,"45,17",2.15E+11,2.69E+05,3.43E+09,F,11.333,0.105,5.430,5.535,,11.438
2022MC004_HABE_002_01_2ug.raw,renal-76_Rep_B,GFP,FSVSGEGEGDATYGK,"46,23",2.19E+11,4.67E+05,5.84E+09,F,11.341,0.097,5.669,5.766,,
2022MC004_HABE_003_01_2ug.raw,renal-77_Rep_A,GFP,FSVSGEGEGDATYGK,"44,73",2.30E+11,1.34E+03,1.59E+07,T,11.361,0.076,3.125,3.202,,
2022MC004_HABE_004_01_2ug.raw,renal-77_Rep_B,GFP,FSVSGEGEGDATYGK,"46,61",3.29E+11,5.46E+04,4.55E+08,T,11.517,-0.079,4.737,4.658,,
2022MC004_HABE_005_01_2ug.raw,lung-76_Rep_A,GFP,FSVSGEGEGDATYGK,"47,08",2.55E+11,5.62E+05,6.04E+09,F,11.406,0.031,5.750,5.781,,
2022MC004_HABE_006_01_2ug.raw,lung-76_Rep_B,GFP,FSVSGEGEGDATYGK,"45,93",2.24E+11,5.41E+05,6.62E+09,F,11.350,0.088,5.733,5.821,,
2022MC004_HABE_007_01_2ug.raw,lung-77_Rep_A,GFP,FSVSGEGEGDATYGK,"44,97",2.03E+11,1.24E+03,1.68E+07,T,11.309,0.129,3.095,3.224,,
2022MC004_HABE_008_01_2ug.raw,lung-77_Rep_B,GFP,FSVSGEGEGDATYGK,"44,22",2.38E+11,6.04E+03,6.95E+07,T,11.377,0.061,3.781,3.842,,
2022MC004_HABE_009_01_2ug.raw,293T-74_Rep_A,GFP,FSVSGEGEGDATYGK,"46,54",7.52E+11,4.00E+07,1.46E+11,F,11.876,-0.439,7.602,7.163,,
2022MC004_HABE_010_01_2ug.raw,293T-74_Rep_B,GFP,FSVSGEGEGDATYGK,"45,08",2.64E+11,4.57E+05,4.75E+09,F,11.421,0.017,5.660,5.676,,
2022MC004_HABE_011_01_2ug.raw,293T-75_Rep_A,GFP,FSVSGEGEGDATYGK,"44,8",2.46E+11,1.78E+03,1.98E+07,T,11.391,0.047,3.250,3.297,,
2022MC004_HABE_012_01_2ug.raw,293T-75_Rep_B,GFP,FSVSGEGEGDATYGK,"44,8",2.52E+11,1.41E+03,1.53E+07,T,11.402,0.036,3.148,3.184,,
2022MC004_HABE_013_01_2ug.raw,293T-76_Rep_A,GFP,FSVSGEGEGDATYGK,"44,3",2.85E+11,5.29E+08,5.09E+12,F,11.454,-0.017,8.723,8.707,,
2022MC004_HABE_014_01_2ug.raw,293T-76_Rep_B,GFP,FSVSGEGEGDATYGK,"43,75",2.98E+11,8.25E+07,7.58E+11,F,11.475,-0.037,7.917,7.879,,
2022MC004_HABE_015_01_2ug.raw,293T-77_Rep_A,GFP,FSVSGEGEGDATYGK,"44,19",4.72E+11,5.82E+05,3.38E+09,F,11.674,-0.237,5.765,5.528,,
2022MC004_HABE_016_01_2ug.raw,293T-77_Rep_B,GFP,FSVSGEGEGDATYGK,"44,66",4.78E+11,2.60E+04,1.49E+08,T,11.679,-0.242,4.414,4.172,,
2022MC004_HABE_017_01_2ug.raw,A549-74_Rep_A,GFP,FSVSGEGEGDATYGK,"43,43",2.86E+11,5.90E+05,5.65E+09,F,11.456,-0.019,5.771,5.752,,
2022MC004_HABE_018_01_2ug.raw,A549-74_Rep_B,GFP,FSVSGEGEGDATYGK,"45,15",3.38E+11,2.36E+04,1.91E+08,T,11.529,-0.091,4.373,4.281,,
2022MC004_HABE_019_01_2ug.raw,A549-75_Rep_A,GFP,FSVSGEGEGDATYGK,"44,46",2.17E+11,1.47E+04,1.85E+08,T,11.337,0.101,4.166,4.267,,
2022MC004_HABE_020_01_2ug.raw,A549-75_Rep_B,GFP,FSVSGEGEGDATYGK,"44,77",3.00E+11,2.16E+03,1.97E+07,T,11.477,-0.040,3.334,3.295,,
2022MC004_HABE_021_01_2ug.raw,A549-76_Rep_A,GFP,FSVSGEGEGDATYGK,"46,3",4.23E+11,4.96E+07,3.21E+11,F,11.627,-0.189,7.696,7.506,,
2022MC004_HABE_022_01_2ug.raw,A549-76_Rep_B,GFP,FSVSGEGEGDATYGK,"46,91",3.08E+11,5.91E+06,5.26E+10,F,11.489,-0.051,6.772,6.721,,
2022MC004_HABE_023_01_2ug.raw,A549-77_Rep_A,GFP,FSVSGEGEGDATYGK,"45,14",4.55E+11,8.39E+04,5.05E+08,T,11.658,-0.221,4.924,4.703,,
2022MC004_HABE_024_01_2ug.raw,A549-77_Rep_B,GFP,FSVSGEGEGDATYGK,"44,56",2.34E+11,1.27E+03,1.49E+07,T,11.369,0.069,3.103,3.172,,
2022MC004_HABE_001_01_2ug.raw,renal-76_Rep_A,GFP,EDGNILGHK,"17,91",2.15E+11,6.23E+05,7.94E+09,F,11.333,0.105,5.795,5.899,,
2022MC004_HABE_002_01_2ug.raw,renal-76_Rep_B,GFP,EDGNILGHK,"17,71",2.19E+11,8.30E+05,1.04E+10,F,11.341,0.097,5.919,6.016,,
2022MC004_HABE_003_01_2ug.raw,renal-77_Rep_A,GFP,EDGNILGHK,"18,08",2.30E+11,1.64E+03,1.96E+07,T,11.361,0.076,3.215,3.291,,
2022MC004_HABE_004_01_2ug.raw,renal-77_Rep_B,GFP,EDGNILGHK,"17,57",3.29E+11,1.34E+03,1.12E+07,T,11.517,-0.079,3.127,3.047,,
2022MC004_HABE_005_01_2ug.raw,lung-76_Rep_A,GFP,EDGNILGHK,"18,05",2.55E+11,5.35E+05,5.75E+09,F,11.406,0.031,5.728,5.760,,
2022MC004_HABE_006_01_2ug.raw,lung-76_Rep_B,GFP,EDGNILGHK,"17,6",2.24E+11,6.50E+05,7.96E+09,F,11.350,0.088,5.813,5.901,,
2022MC004_HABE_007_01_2ug.raw,lung-77_Rep_A,GFP,EDGNILGHK,"16,99",2.03E+11,2.41E+04,3.24E+08,T,11.309,0.129,4.381,4.510,,
2022MC004_HABE_008_01_2ug.raw,lung-77_Rep_B,GFP,EDGNILGHK,"18,01",2.38E+11,3.71E+03,4.26E+07,T,11.377,0.061,3.569,3.629,,
2022MC004_HABE_009_01_2ug.raw,293T-74_Rep_A,GFP,EDGNILGHK,"17,74",7.52E+11,3.04E+07,1.11E+11,F,11.876,-0.439,7.483,7.045,,
2022MC004_HABE_010_01_2ug.raw,293T-74_Rep_B,GFP,EDGNILGHK,"17,52",2.64E+11,5.17E+05,5.38E+09,F,11.421,0.017,5.714,5.730,,
2022MC004_HABE_011_01_2ug.raw,293T-75_Rep_A,GFP,EDGNILGHK,"17,59",2.46E+11,6.15E+02,6.85E+06,T,11.391,0.047,2.789,2.836,,
2022MC004_HABE_012_01_2ug.raw,293T-75_Rep_B,GFP,EDGNILGHK,"16,51",2.52E+11,2.73E+04,2.97E+08,T,11.402,0.036,4.437,4.473,,
2022MC004_HABE_013_01_2ug.raw,293T-76_Rep_A,GFP,EDGNILGHK,"18,06",2.85E+11,4.39E+08,4.23E+12,F,11.454,-0.017,8.643,8.626,,
2022MC004_HABE_014_01_2ug.raw,293T-76_Rep_B,GFP,EDGNILGHK,"17,59",2.98E+11,7.33E+07,6.74E+11,F,11.475,-0.037,7.865,7.828,,
2022MC004_HABE_015_01_2ug.raw,293T-77_Rep_A,GFP,EDGNILGHK,"17,54",4.72E+11,5.45E+05,3.16E+09,F,11.674,-0.237,5.736,5.500,,
2022MC004_HABE_016_01_2ug.raw,293T-77_Rep_B,GFP,EDGNILGHK,"16,85",4.78E+11,3.89E+04,2.23E+08,T,11.679,-0.242,4.590,4.348,,
2022MC004_HABE_017_01_2ug.raw,A549-74_Rep_A,GFP,EDGNILGHK,"17,72",2.86E+11,4.83E+05,4.63E+09,F,11.456,-0.019,5.684,5.665,,
2022MC004_HABE_018_01_2ug.raw,A549-74_Rep_B,GFP,EDGNILGHK,"17,25",3.38E+11,6.50E+04,5.27E+08,F,11.529,-0.091,4.813,4.721,,
2022MC004_HABE_019_01_2ug.raw,A549-75_Rep_A,GFP,EDGNILGHK,"17,5",2.17E+11,6.68E+03,8.42E+07,T,11.337,0.101,3.825,3.925,,
2022MC004_HABE_020_01_2ug.raw,A549-75_Rep_B,GFP,EDGNILGHK,"17,54",3.00E+11,7.22E+02,6.60E+06,T,11.477,-0.040,2.859,2.819,,
2022MC004_HABE_021_01_2ug.raw,A549-76_Rep_A,GFP,EDGNILGHK,"17,67",4.23E+11,4.02E+07,2.60E+11,F,11.627,-0.189,7.604,7.415,,
2022MC004_HABE_022_01_2ug.raw,A549-76_Rep_B,GFP,EDGNILGHK,"17,38",3.08E+11,5.60E+06,4.98E+10,F,11.489,-0.051,6.748,6.697,,
2022MC004_HABE_023_01_2ug.raw,A549-77_Rep_A,GFP,EDGNILGHK,"17,67",4.55E+11,5.64E+04,3.40E+08,T,11.658,-0.221,4.751,4.531,,
2022MC004_HABE_024_01_2ug.raw,A549-77_Rep_B,GFP,EDGNILGHK,"17,47",2.34E+11,5.61E+02,6.58E+06,T,11.369,0.069,2.749,2.818,,
2022MC004_HABE_001_01_2ug.raw,renal-76_Rep_A,GFP,FEGDTLVNR,"42,67",2.15E+11,2.59E+06,3.30E+10,F,11.333,0.105,6.414,6.518,,
2022MC004_HABE_002_01_2ug.raw,renal-76_Rep_B,GFP,FEGDTLVNR,"42,05",2.19E+11,3.54E+06,4.43E+10,F,11.341,0.097,6.549,6.646,,
2022MC004_HABE_003_01_2ug.raw,renal-77_Rep_A,GFP,FEGDTLVNR,"42,77",2.30E+11,1.39E+04,1.66E+08,T,11.361,0.076,4.142,4.219,,
2022MC004_HABE_004_01_2ug.raw,renal-77_Rep_B,GFP,FEGDTLVNR,"42,02",3.29E+11,4.28E+04,3.57E+08,T,11.517,-0.079,4.631,4.552,,
2022MC004_HABE_005_01_2ug.raw,lung-76_Rep_A,GFP,FEGDTLVNR,"42,63",2.55E+11,2.80E+06,3.01E+10,F,11.406,0.031,6.447,6.479,,
2022MC004_HABE_006_01_2ug.raw,lung-76_Rep_B,GFP,FEGDTLVNR,"41,98",2.24E+11,2.89E+06,3.54E+10,F,11.350,0.088,6.461,6.549,,
2022MC004_HABE_007_01_2ug.raw,lung-77_Rep_A,GFP,FEGDTLVNR,"42,7",2.03E+11,1.90E+04,2.56E+08,T,11.309,0.129,4.278,4.407,,
2022MC004_HABE_008_01_2ug.raw,lung-77_Rep_B,GFP,FEGDTLVNR,"41,92",2.38E+11,1.69E+04,1.95E+08,T,11.377,0.061,4.228,4.289,,
2022MC004_HABE_009_01_2ug.raw,293T-74_Rep_A,GFP,FEGDTLVNR,"42,02",7.52E+11,1.54E+08,5.62E+11,F,11.876,-0.439,8.188,7.749,,
2022MC004_HABE_010_01_2ug.raw,293T-74_Rep_B,GFP,FEGDTLVNR,"41,86",2.64E+11,2.36E+06,2.46E+10,F,11.421,0.017,6.373,6.390,,
2022MC004_HABE_011_01_2ug.raw,293T-75_Rep_A,GFP,FEGDTLVNR,"42,3",2.46E+11,1.55E+04,1.73E+08,T,11.391,0.047,4.190,4.237,,
2022MC004_HABE_012_01_2ug.raw,293T-75_Rep_B,GFP,FEGDTLVNR,"41,92",2.52E+11,2.66E+04,2.89E+08,T,11.402,0.036,4.425,4.461,,
2022MC004_HABE_013_01_2ug.raw,293T-76_Rep_A,GFP,FEGDTLVNR,"42,56",2.85E+11,2.24E+09,2.16E+13,F,11.454,-0.017,9.351,9.334,,
2022MC004_HABE_014_01_2ug.raw,293T-76_Rep_B,GFP,FEGDTLVNR,"41,93",2.98E+11,3.62E+08,3.33E+12,F,11.475,-0.037,8.559,8.522,,
2022MC004_HABE_015_01_2ug.raw,293T-77_Rep_A,GFP,FEGDTLVNR,"42,16",4.72E+11,2.78E+06,1.62E+10,F,11.674,-0.237,6.445,6.208,,
2022MC004_HABE_016_01_2ug.raw,293T-77_Rep_B,GFP,FEGDTLVNR,"41,61",4.78E+11,3.39E+05,1.94E+09,T,11.679,-0.242,5.530,5.288,,
2022MC004_HABE_017_01_2ug.raw,A549-74_Rep_A,GFP,FEGDTLVNR,"42,16",2.86E+11,2.59E+06,2.48E+10,F,11.456,-0.019,6.413,6.395,,
2022MC004_HABE_018_01_2ug.raw,A549-74_Rep_B,GFP,FEGDTLVNR,"41,58",3.38E+11,2.21E+05,1.79E+09,F,11.529,-0.091,5.344,5.252,,
2022MC004_HABE_019_01_2ug.raw,A549-75_Rep_A,GFP,FEGDTLVNR,"42,09",2.17E+11,3.08E+04,3.89E+08,T,11.337,0.101,4.488,4.589,,
2022MC004_HABE_020_01_2ug.raw,A549-75_Rep_B,GFP,FEGDTLVNR,"42,02",3.00E+11,2.27E+04,2.07E+08,T,11.477,-0.040,4.356,4.316,,
2022MC004_HABE_021_01_2ug.raw,A549-76_Rep_A,GFP,FEGDTLVNR,"41,92",4.23E+11,1.07E+08,6.95E+11,F,11.627,-0.189,8.031,7.841,,
2022MC004_HABE_022_01_2ug.raw,A549-76_Rep_B,GFP,FEGDTLVNR,"41,79",3.08E+11,1.46E+07,1.30E+11,F,11.489,-0.051,7.165,7.114,,
2022MC004_HABE_023_01_2ug.raw,A549-77_Rep_A,GFP,FEGDTLVNR,"41,78",4.55E+11,2.10E+05,1.26E+09,F,11.658,-0.221,5.322,5.102,,
2022MC004_HABE_024_01_2ug.raw,A549-77_Rep_B,GFP,FEGDTLVNR,"41,71",2.34E+11,2.86E+04,3.36E+08,T,11.369,0.069,4.457,4.526,,
2022MC004_HABE_001_01_2ug.raw,renal-76_Rep_A,mCherry,KPVQLPGAYNVNIK,"53,28",2.15E+11,2.91E+03,3.71E+07,T,11.333,0.105,3.464,3.569,,
2022MC004_HABE_002_01_2ug.raw,renal-76_Rep_B,mCherry,KPVQLPGAYNVNIK,"52,33",2.19E+11,7.69E+02,9.62E+06,T,11.341,0.097,2.886,2.983,,
2022MC004_HABE_003_01_2ug.raw,renal-77_Rep_A,mCherry,KPVQLPGAYNVNIK,"53,96",2.30E+11,3.79E+06,4.52E+10,F,11.361,0.076,6.579,6.655,,
2022MC004_HABE_004_01_2ug.raw,renal-77_Rep_B,mCherry,KPVQLPGAYNVNIK,"53,18",3.29E+11,9.56E+06,7.97E+10,F,11.517,-0.079,6.981,6.901,,
2022MC004_HABE_005_01_2ug.raw,lung-76_Rep_A,mCherry,KPVQLPGAYNVNIK,"53,66",2.55E+11,3.89E+03,4.19E+07,T,11.406,0.031,3.590,3.622,,
2022MC004_HABE_006_01_2ug.raw,lung-76_Rep_B,mCherry,KPVQLPGAYNVNIK,"53,35",2.24E+11,6.01E+02,7.37E+06,T,11.350,0.088,2.779,2.867,,
2022MC004_HABE_007_01_2ug.raw,lung-77_Rep_A,mCherry,KPVQLPGAYNVNIK,54,2.03E+11,2.09E+06,2.81E+10,F,11.309,0.129,6.320,6.449,,
2022MC004_HABE_008_01_2ug.raw,lung-77_Rep_B,mCherry,KPVQLPGAYNVNIK,"53,01",2.38E+11,2.57E+06,2.96E+10,F,11.377,0.061,6.410,6.471,,
2022MC004_HABE_009_01_2ug.raw,293T-74_Rep_A,mCherry,KPVQLPGAYNVNIK,"52,97",7.52E+11,9.68E+05,3.53E+09,F,11.876,-0.439,5.986,5.547,,
2022MC004_HABE_010_01_2ug.raw,293T-74_Rep_B,mCherry,KPVQLPGAYNVNIK,"53,4",2.64E+11,1.44E+04,1.50E+08,T,11.421,0.017,4.159,4.175,,
2022MC004_HABE_011_01_2ug.raw,293T-75_Rep_A,mCherry,KPVQLPGAYNVNIK,"53,57",2.46E+11,1.40E+08,1.56E+12,F,11.391,0.047,8.146,8.192,,
2022MC004_HABE_012_01_2ug.raw,293T-75_Rep_B,mCherry,KPVQLPGAYNVNIK,"53,01",2.52E+11,2.05E+07,2.23E+11,F,11.402,0.036,7.313,7.349,,
2022MC004_HABE_013_01_2ug.raw,293T-76_Rep_A,mCherry,KPVQLPGAYNVNIK,"53,76",2.85E+11,1.86E+05,1.79E+09,F,11.454,-0.017,5.270,5.253,,
2022MC004_HABE_014_01_2ug.raw,293T-76_Rep_B,mCherry,KPVQLPGAYNVNIK,"52,58",2.98E+11,4.08E+04,3.75E+08,T,11.475,-0.037,4.611,4.574,,
2022MC004_HABE_015_01_2ug.raw,293T-77_Rep_A,mCherry,KPVQLPGAYNVNIK,"53,21",4.72E+11,7.38E+08,4.28E+12,F,11.674,-0.237,8.868,8.631,,
2022MC004_HABE_016_01_2ug.raw,293T-77_Rep_B,mCherry,KPVQLPGAYNVNIK,"52,57",4.78E+11,1.51E+08,8.63E+11,F,11.679,-0.242,8.178,7.936,,
2022MC004_HABE_017_01_2ug.raw,A549-74_Rep_A,mCherry,KPVQLPGAYNVNIK,"53,12",2.86E+11,7.93E+04,7.60E+08,F,11.456,-0.019,4.899,4.880,,
2022MC004_HABE_018_01_2ug.raw,A549-74_Rep_B,mCherry,KPVQLPGAYNVNIK,"52,68",3.38E+11,1.14E+04,9.21E+07,T,11.529,-0.091,4.055,3.964,,
2022MC004_HABE_019_01_2ug.raw,A549-75_Rep_A,mCherry,KPVQLPGAYNVNIK,"53,21",2.17E+11,3.62E+07,4.57E+11,F,11.337,0.101,7.559,7.660,,
2022MC004_HABE_020_01_2ug.raw,A549-75_Rep_B,mCherry,KPVQLPGAYNVNIK,"52,97",3.00E+11,2.34E+06,2.14E+10,F,11.477,-0.040,6.370,6.330,,
2022MC004_HABE_021_01_2ug.raw,A549-76_Rep_A,mCherry,KPVQLPGAYNVNIK,"53,52",4.23E+11,8.34E+03,5.40E+07,T,11.627,-0.189,3.921,3.732,,
2022MC004_HABE_022_01_2ug.raw,A549-76_Rep_B,mCherry,KPVQLPGAYNVNIK,"52,75",3.08E+11,8.76E+03,7.79E+07,T,11.489,-0.051,3.942,3.891,,
2022MC004_HABE_023_01_2ug.raw,A549-77_Rep_A,mCherry,KPVQLPGAYNVNIK,"52,87",4.55E+11,7.19E+07,4.33E+11,F,11.658,-0.221,7.857,7.636,,
2022MC004_HABE_024_01_2ug.raw,A549-77_Rep_B,mCherry,KPVQLPGAYNVNIK,"52,97",2.34E+11,1.10E+07,1.29E+11,F,11.369,0.069,7.043,7.111,,
2022MC004_HABE_001_01_2ug.raw,renal-76_Rep_A,mCherry,LDITSHNEDYTIVEQYER,"72,88",2.15E+11,1.36E+04,1.73E+08,T,11.333,0.105,4.132,4.237,,
2022MC004_HABE_002_01_2ug.raw,renal-76_Rep_B,mCherry,LDITSHNEDYTIVEQYER,"73,43",2.19E+11,2.90E+03,3.63E+07,T,11.341,0.097,3.463,3.560,,
2022MC004_HABE_003_01_2ug.raw,renal-77_Rep_A,mCherry,LDITSHNEDYTIVEQYER,"73,4",2.30E+11,1.96E+06,2.34E+10,F,11.361,0.076,6.293,6.369,,
2022MC004_HABE_004_01_2ug.raw,renal-77_Rep_B,mCherry,LDITSHNEDYTIVEQYER,"72,61",3.29E+11,4.06E+06,3.38E+10,F,11.517,-0.079,6.608,6.529,,
2022MC004_HABE_005_01_2ug.raw,lung-76_Rep_A,mCherry,LDITSHNEDYTIVEQYER,"74,21",2.55E+11,2.41E+03,2.59E+07,T,11.406,0.031,3.382,3.414,,
2022MC004_HABE_006_01_2ug.raw,lung-76_Rep_B,mCherry,LDITSHNEDYTIVEQYER,"73,46",2.24E+11,2.84E+03,3.48E+07,T,11.350,0.088,3.454,3.541,,
2022MC004_HABE_007_01_2ug.raw,lung-77_Rep_A,mCherry,LDITSHNEDYTIVEQYER,"73,36",2.03E+11,9.03E+05,1.22E+10,F,11.309,0.129,5.956,6.085,,
2022MC004_HABE_008_01_2ug.raw,lung-77_Rep_B,mCherry,LDITSHNEDYTIVEQYER,"72,92",2.38E+11,1.15E+06,1.32E+10,F,11.377,0.061,6.059,6.120,,
2022MC004_HABE_009_01_2ug.raw,293T-74_Rep_A,mCherry,LDITSHNEDYTIVEQYER,"72,92",7.52E+11,6.93E+05,2.53E+09,F,11.876,-0.439,5.841,5.402,,
2022MC004_HABE_010_01_2ug.raw,293T-74_Rep_B,mCherry,LDITSHNEDYTIVEQYER,"73,38",2.64E+11,1.50E+03,1.56E+07,T,11.421,0.017,3.176,3.193,,
2022MC004_HABE_011_01_2ug.raw,293T-75_Rep_A,mCherry,LDITSHNEDYTIVEQYER,"73,38",2.46E+11,1.01E+08,1.13E+12,F,11.391,0.047,8.005,8.052,,
2022MC004_HABE_012_01_2ug.raw,293T-75_Rep_B,mCherry,LDITSHNEDYTIVEQYER,"73,33",2.52E+11,1.00E+07,1.09E+11,F,11.402,0.036,7.001,7.037,,
2022MC004_HABE_013_01_2ug.raw,293T-76_Rep_A,mCherry,LDITSHNEDYTIVEQYER,"73,63",2.85E+11,1.21E+05,1.17E+09,F,11.454,-0.017,5.083,5.066,,
2022MC004_HABE_014_01_2ug.raw,293T-76_Rep_B,mCherry,LDITSHNEDYTIVEQYER,"73,45",2.98E+11,1.79E+04,1.64E+08,T,11.475,-0.037,4.253,4.216,,
2022MC004_HABE_015_01_2ug.raw,293T-77_Rep_A,mCherry,LDITSHNEDYTIVEQYER,"73,33",4.72E+11,5.19E+08,3.01E+12,F,11.674,-0.237,8.715,8.478,,
2022MC004_HABE_016_01_2ug.raw,293T-77_Rep_B,mCherry,LDITSHNEDYTIVEQYER,"72,99",4.78E+11,9.33E+07,5.35E+11,F,11.679,-0.242,7.970,7.728,,
2022MC004_HABE_017_01_2ug.raw,A549-74_Rep_A,mCherry,LDITSHNEDYTIVEQYER,"72,85",2.86E+11,1.15E+05,1.10E+09,T,11.456,-0.019,5.060,5.042,,
2022MC004_HABE_018_01_2ug.raw,A549-74_Rep_B,mCherry,LDITSHNEDYTIVEQYER,"73,36",3.38E+11,2.15E+04,1.74E+08,T,11.529,-0.091,4.332,4.240,,
2022MC004_HABE_019_01_2ug.raw,A549-75_Rep_A,mCherry,LDITSHNEDYTIVEQYER,"72,95",2.17E+11,1.62E+07,2.04E+11,F,11.337,0.101,7.208,7.309,,
2022MC004_HABE_020_01_2ug.raw,A549-75_Rep_B,mCherry,LDITSHNEDYTIVEQYER,"73,26",3.00E+11,1.03E+06,9.37E+09,F,11.477,-0.040,6.011,5.971,,
2022MC004_HABE_021_01_2ug.raw,A549-76_Rep_A,mCherry,LDITSHNEDYTIVEQYER,"72,61",4.23E+11,1.95E+04,1.26E+08,T,11.627,-0.189,4.289,4.100,,
2022MC004_HABE_022_01_2ug.raw,A549-76_Rep_B,mCherry,LDITSHNEDYTIVEQYER,"73,38",3.08E+11,1.21E+04,1.08E+08,T,11.489,-0.051,4.084,4.033,,
2022MC004_HABE_023_01_2ug.raw,A549-77_Rep_A,mCherry,LDITSHNEDYTIVEQYER,"72,88",4.55E+11,3.92E+07,2.36E+11,F,11.658,-0.221,7.593,7.373,,
2022MC004_HABE_024_01_2ug.raw,A549-77_Rep_B,mCherry,LDITSHNEDYTIVEQYER,"73,19",2.34E+11,4.35E+06,5.10E+10,F,11.369,0.069,6.639,6.707,,
2022MC004_HABE_001_01_2ug.raw,renal-76_Rep_A,mCherry,HSTGGMDELYK,"28,84",2.15E+11,7.93E+02,1.01E+07,T,11.333,0.105,2.899,3.004,,
2022MC004_HABE_002_01_2ug.raw,renal-76_Rep_B,mCherry,HSTGGMDELYK,"28,5",2.19E+11,1.07E+03,1.34E+07,T,11.341,0.097,3.029,3.126,,
2022MC004_HABE_003_01_2ug.raw,renal-77_Rep_A,mCherry,HSTGGMDELYK,"28,9",2.30E+11,1.73E+06,2.07E+10,F,11.361,0.076,6.238,6.315,,
2022MC004_HABE_004_01_2ug.raw,renal-77_Rep_B,mCherry,HSTGGMDELYK,"28,5",3.29E+11,4.47E+06,3.73E+10,F,11.517,-0.079,6.650,6.571,,
2022MC004_HABE_005_01_2ug.raw,lung-76_Rep_A,mCherry,HSTGGMDELYK,"28,46",2.55E+11,8.12E+03,8.73E+07,T,11.406,0.031,3.910,3.941,,
2022MC004_HABE_006_01_2ug.raw,lung-76_Rep_B,mCherry,HSTGGMDELYK,"28,8",2.24E+11,3.25E+04,3.97E+08,T,11.350,0.088,4.511,4.599,,
2022MC004_HABE_007_01_2ug.raw,lung-77_Rep_A,mCherry,HSTGGMDELYK,"29,01",2.03E+11,8.94E+05,1.20E+10,F,11.309,0.129,5.951,6.080,,
2022MC004_HABE_008_01_2ug.raw,lung-77_Rep_B,mCherry,HSTGGMDELYK,"28,22",2.38E+11,1.01E+06,1.16E+10,F,11.377,0.061,6.003,6.063,,
2022MC004_HABE_009_01_2ug.raw,293T-74_Rep_A,mCherry,HSTGGMDELYK,"28,6",7.52E+11,6.56E+05,2.39E+09,F,11.876,-0.439,5.817,5.378,,
2022MC004_HABE_010_01_2ug.raw,293T-74_Rep_B,mCherry,HSTGGMDELYK,"28,72",2.64E+11,5.23E+03,5.44E+07,T,11.421,0.017,3.719,3.735,,
2022MC004_HABE_011_01_2ug.raw,293T-75_Rep_A,mCherry,HSTGGMDELYK,"28,79",2.46E+11,8.82E+07,9.83E+11,F,11.391,0.047,7.946,7.992,,
2022MC004_HABE_012_01_2ug.raw,293T-75_Rep_B,mCherry,HSTGGMDELYK,"28,19",2.52E+11,1.33E+07,1.44E+11,F,11.402,0.036,7.122,7.158,,
2022MC004_HABE_013_01_2ug.raw,293T-76_Rep_A,mCherry,HSTGGMDELYK,"29,06",2.85E+11,1.12E+05,1.08E+09,F,11.454,-0.017,5.048,5.032,,
2022MC004_HABE_014_01_2ug.raw,293T-76_Rep_B,mCherry,HSTGGMDELYK,"27,94",2.98E+11,1.79E+04,1.64E+08,T,11.475,-0.037,4.253,4.215,,
2022MC004_HABE_015_01_2ug.raw,293T-77_Rep_A,mCherry,HSTGGMDELYK,"28,46",4.72E+11,4.37E+08,2.54E+12,F,11.674,-0.237,8.641,8.404,,
2022MC004_HABE_016_01_2ug.raw,293T-77_Rep_B,mCherry,HSTGGMDELYK,"27,85",4.78E+11,9.24E+07,5.30E+11,F,11.679,-0.242,7.966,7.724,,
2022MC004_HABE_017_01_2ug.raw,A549-74_Rep_A,mCherry,HSTGGMDELYK,"28,72",2.86E+11,1.39E+05,1.34E+09,F,11.456,-0.019,5.144,5.125,,
2022MC004_HABE_018_01_2ug.raw,A549-74_Rep_B,mCherry,HSTGGMDELYK,"28,21",3.38E+11,1.59E+04,1.29E+08,T,11.529,-0.091,4.201,4.109,,
2022MC004_HABE_019_01_2ug.raw,A549-75_Rep_A,mCherry,HSTGGMDELYK,"28,56",2.17E+11,2.14E+07,2.71E+11,F,11.337,0.101,7.331,7.432,,
2022MC004_HABE_020_01_2ug.raw,A549-75_Rep_B,mCherry,HSTGGMDELYK,"28,14",3.00E+11,1.18E+06,1.07E+10,F,11.477,-0.040,6.070,6.030,,
2022MC004_HABE_021_01_2ug.raw,A549-76_Rep_A,mCherry,HSTGGMDELYK,"28,8",4.23E+11,3.98E+04,2.58E+08,T,11.627,-0.189,4.600,4.411,,
2022MC004_HABE_022_01_2ug.raw,A549-76_Rep_B,mCherry,HSTGGMDELYK,"28,79",3.08E+11,1.44E+03,1.28E+07,T,11.489,-0.051,3.158,3.107,,
2022MC004_HABE_023_01_2ug.raw,A549-77_Rep_A,mCherry,HSTGGMDELYK,"28,29",4.55E+11,3.76E+07,2.26E+11,F,11.658,-0.221,7.575,7.354,,
2022MC004_HABE_024_01_2ug.raw,A549-77_Rep_B,mCherry,HSTGGMDELYK,"28,26",2.34E+11,5.62E+06,6.58E+10,F,11.369,0.069,6.749,6.818,,
